Workbook

Sheet INDIC-DIS2
C1: DISEÑO 1 -2026 | J1: GABRIELA D.
C2: GABRIELA DÍAZ
C3: MUESTRAS | E3: CANTIDAD | F3: % APROBACIÓN
C4: ELABORADAS | E4: =COUNTIF(D14:D548,J1) -> 88 | F4: =IF(E6=0,0,(E6)/(E4-E9)) -> 0.45454545
C5: PRESENTADAS | E5: =R549 -> 87
C6: APROBADAS CLIENTE | E6: =SUM(B14:B548) -> 40
C7: REPROCESOS | E7: =SUMIF('[1]REP DISEÑO'!$N$9:$N$1508,J1,'[1]REP DISEÑO'!$AA$9:$AA$1508) -> 10
E8: =E7/E4 -> 0.11363636
C9: MUESTRAS MES ACTUAL | E9: =SUMIF($I$14:$I$548,TEXT(TODAY(),"mmmm"),$B$14:$B$548) -> 0
C10: PROMEDIO MENSUAL | E10: =E4/(TEXT(TODAY(),"m")) -> 22
C12: MUESTRAS GENERADAS- DIS 1 | M12: PRESENTACIÓN MUESTRAS
C13: REF | D13: DISEÑADOR | E13: MODELO | F13: GENERO | G13: CLIENTE | H13: LICENCIA | I13: FECHA MUESTRA | J13: APROBADAS | K13: REF | M13: CLIENTE 1 | N13: CLIENTE 2 | O13: CLIENTE 3 | P13: OBSERV | R13: PRESENT
B14: =IF(J14="",0,IF(OR(J14>0,ISNUMBER(FIND("AMU",$C$14:$C$548))),1,0)) -> 0 | C14: {=IFERROR(INDEX('[1]REP DISEÑO'!$D$9:$D$1008,SMALL(IF('[1]REP DISEÑO'!$AW$9:$AW$1008=$J$1,ROW('[1]REP DISEÑO'!$N$9:$N$1008)-ROW('[1]REP DISEÑO'!$N$9),""),ROWS(C$14:C14))+1),"")} -> N26-3981 | D14: =IFERROR(INDEX('[1]REP DISEÑO'!$N$9:$N$1508,MATCH(C14,'[1]REP DISEÑO'!$D$9:$D$1508,0)),"") -> GABRIELA D. | E14: =IFERROR(INDEX('[1]REP DISEÑO'!$G$9:$G$1508,MATCH(C14,'[1]REP DISEÑO'!$D$9:$D$1508,0)),"") -> TALÓN 0 | F14: =IFERROR(INDEX('[1]REP DISEÑO'!$I$9:$I$1508,MATCH(C14,'[1]REP DISEÑO'!$D$9:$D$1508,0)),"") -> PREESCOLAR NIÑO | G14: =IFERROR(INDEX('[1]REP DISEÑO'!$M$9:$M$1508,MATCH(C14,'[1]REP DISEÑO'!$D$9:$D$1508,0)),"") -> DE PRATI | H14: =IFERROR(INDEX('[1]REP DISEÑO'!$J$9:$J$1508,MATCH(C14,'[1]REP DISEÑO'!$D$9:$D$1508,0)),"") | I14: =IFERROR(INDEX('[1]REP DISEÑO'!$C$9:$C$1508,MATCH(C14,'[1]REP DISEÑO'!$D$9:$D$1508,0)),"") -> enero | J14: =IF(C14="","",IF(ISNUMBER(FIND("AMU",$C$14:$C$548)),1,(SUMIF('[1]REP PRODUCCIÓN'!$H$6:$H$1505,"*"&C14&"*",'[1]REP PRODUCCIÓN'!$E$6:$E$1505)))) -> 0 | K14: =IF(B14=1,"OK","") | M14: =IFERROR(INDEX('[1]REP DISEÑO'!$BA$9:$BA$1008,MATCH('INDIC-DIS2'!C14,'[1]REP DISEÑO'!$D$9:$D$1008,0)),"") -> DE PRATI | R14: =IF(M14="","",1) -> 1
B15: =IF(J15="",0,IF(OR(J15>0,ISNUMBER(FIND("AMU",$C$14:$C$548))),1,0)) -> 0 | C15: {=IFERROR(INDEX('[1]REP DISEÑO'!$D$9:$D$1008,SMALL(IF('[1]REP DISEÑO'!$AW$9:$AW$1008=$J$1,ROW('[1]REP DISEÑO'!$N$9:$N$1008)-ROW('[1]REP DISEÑO'!$N$9),""),ROWS(C$14:C15))+1),"")} -> N26-3982 | D15: =IFERROR(INDEX('[1]REP DISEÑO'!$N$9:$N$1508,MATCH(C15,'[1]REP DISEÑO'!$D$9:$D$1508,0)),"") -> GABRIELA D. | E15: =IFERROR(INDEX('[1]REP DISEÑO'!$G$9:$G$1508,MATCH(C15,'[1]REP DISEÑO'!$D$9:$D$1508,0)),"") -> TALÓN 0 | F15: =IFERROR(INDEX('[1]REP DISEÑO'!$I$9:$I$1508,MATCH(C15,'[1]REP DISEÑO'!$D$9:$D$1508,0)),"") -> PREESCOLAR NIÑO | G15: =IFERROR(INDEX('[1]REP DISEÑO'!$M$9:$M$1508,MATCH(C15,'[1]REP DISEÑO'!$D$9:$D$1508,0)),"") -> DE PRATI | H15: =IFERROR(INDEX('[1]REP DISEÑO'!$J$9:$J$1508,MATCH(C15,'[1]REP DISEÑO'!$D$9:$D$1508,0)),"") | I15: =IFERROR(INDEX('[1]REP DISEÑO'!$C$9:$C$1508,MATCH(C15,'[1]REP DISEÑO'!$D$9:$D$1508,0)),"") -> enero | J15: =IF(C15="","",IF(ISNUMBER(FIND("AMU",$C$14:$C$548)),1,(SUMIF('[1]REP PRODUCCIÓN'!$H$6:$H$1505,"*"&C15&"*",'[1]REP PRODUCCIÓN'!$E$6:$E$1505)))) -> 0 | K15: =IF(B15=1,"OK",0) -> 0 | M15: =IFERROR(INDEX('[1]REP DISEÑO'!$BA$9:$BA$1008,MATCH('INDIC-DIS2'!C15,'[1]REP DISEÑO'!$D$9:$D$1008,0)),"") -> DE PRATI | R15: =IF(M15="","",1) -> 1
B16: =IF(J16="",0,IF(OR(J16>0,ISNUMBER(FIND("AMU",$C$14:$C$548))),1,0)) -> 1 | C16: {=IFERROR(INDEX('[1]REP DISEÑO'!$D$9:$D$1008,SMALL(IF('[1]REP DISEÑO'!$AW$9:$AW$1008=$J$1,ROW('[1]REP DISEÑO'!$N$9:$N$1008)-ROW('[1]REP DISEÑO'!$N$9),""),ROWS(C$14:C16))+1),"")} -> N26-3990 | D16: =IFERROR(INDEX('[1]REP DISEÑO'!$N$9:$N$1508,MATCH(C16,'[1]REP DISEÑO'!$D$9:$D$1508,0)),"") -> GABRIELA D. | E16: =IFERROR(INDEX('[1]REP DISEÑO'!$G$9:$G$1508,MATCH(C16,'[1]REP DISEÑO'!$D$9:$D$1508,0)),"") -> TALÓN 0 | F16: =IFERROR(INDEX('[1]REP DISEÑO'!$I$9:$I$1508,MATCH(C16,'[1]REP DISEÑO'!$D$9:$D$1508,0)),"") -> PREESCOLAR NIÑO | G16: =IFERROR(INDEX('[1]REP DISEÑO'!$M$9:$M$1508,MATCH(C16,'[1]REP DISEÑO'!$D$9:$D$1508,0)),"") -> DE PRATI | H16: =IFERROR(INDEX('[1]REP DISEÑO'!$J$9:$J$1508,MATCH(C16,'[1]REP DISEÑO'!$D$9:$D$1508,0)),"") | I16: =IFERROR(INDEX('[1]REP DISEÑO'!$C$9:$C$1508,MATCH(C16,'[1]REP DISEÑO'!$D$9:$D$1508,0)),"") -> enero | J16: =IF(C16="","",IF(ISNUMBER(FIND("AMU",$C$14:$C$548)),1,(SUMIF('[1]REP PRODUCCIÓN'!$H$6:$H$1505,"*"&C16&"*",'[1]REP PRODUCCIÓN'!$E$6:$E$1505)))) -> 84 | K16: =IF(B16=1,"OK",0) -> OK | M16: =IFERROR(INDEX('[1]REP DISEÑO'!$BA$9:$BA$1008,MATCH('INDIC-DIS2'!C16,'[1]REP DISEÑO'!$D$9:$D$1008,0)),"") -> DE PRATI | R16: =IF(M16="","",1) -> 1
B17: =IF(J17="",0,IF(OR(J17>0,ISNUMBER(FIND("AMU",$C$14:$C$548))),1,0)) -> 0 | C17: {=IFERROR(INDEX('[1]REP DISEÑO'!$D$9:$D$1008,SMALL(IF('[1]REP DISEÑO'!$AW$9:$AW$1008=$J$1,ROW('[1]REP DISEÑO'!$N$9:$N$1008)-ROW('[1]REP DISEÑO'!$N$9),""),ROWS(C$14:C17))+1),"")} -> N26-3992 | D17: =IFERROR(INDEX('[1]REP DISEÑO'!$N$9:$N$1508,MATCH(C17,'[1]REP DISEÑO'!$D$9:$D$1508,0)),"") -> GABRIELA D. | E17: =IFERROR(INDEX('[1]REP DISEÑO'!$G$9:$G$1508,MATCH(C17,'[1]REP DISEÑO'!$D$9:$D$1508,0)),"") -> TALÓN 0 | F17: =IFERROR(INDEX('[1]REP DISEÑO'!$I$9:$I$1508,MATCH(C17,'[1]REP DISEÑO'!$D$9:$D$1508,0)),"") -> PREESCOLAR NIÑO | G17: =IFERROR(INDEX('[1]REP DISEÑO'!$M$9:$M$1508,MATCH(C17,'[1]REP DISEÑO'!$D$9:$D$1508,0)),"") -> DE PRATI | H17: =IFERROR(INDEX('[1]REP DISEÑO'!$J$9:$J$1508,MATCH(C17,'[1]REP DISEÑO'!$D$9:$D$1508,0)),"") | I17: =IFERROR(INDEX('[1]REP DISEÑO'!$C$9:$C$1508,MATCH(C17,'[1]REP DISEÑO'!$D$9:$D$1508,0)),"") -> enero | J17: =IF(C17="","",IF(ISNUMBER(FIND("AMU",$C$14:$C$548)),1,(SUMIF('[1]REP PRODUCCIÓN'!$H$6:$H$1505,"*"&C17&"*",'[1]REP PRODUCCIÓN'!$E$6:$E$1505)))) -> 0 | K17: =IF(B17=1,"OK",0) -> 0 | M17: =IFERROR(INDEX('[1]REP DISEÑO'!$BA$9:$BA$1008,MATCH('INDIC-DIS2'!C17,'[1]REP DISEÑO'!$D$9:$D$1008,0)),"") -> DE PRATI | R17: =IF(M17="","",1) -> 1
B18: =IF(J18="",0,IF(OR(J18>0,ISNUMBER(FIND("AMU",$C$14:$C$548))),1,0)) -> 1 | C18: {=IFERROR(INDEX('[1]REP DISEÑO'!$D$9:$D$1008,SMALL(IF('[1]REP DISEÑO'!$AW$9:$AW$1008=$J$1,ROW('[1]REP DISEÑO'!$N$9:$N$1008)-ROW('[1]REP DISEÑO'!$N$9),""),ROWS(C$14:C18))+1),"")} -> N26-3993 | D18: =IFERROR(INDEX('[1]REP DISEÑO'!$N$9:$N$1508,MATCH(C18,'[1]REP DISEÑO'!$D$9:$D$1508,0)),"") -> GABRIELA D. | E18: =IFERROR(INDEX('[1]REP DISEÑO'!$G$9:$G$1508,MATCH(C18,'[1]REP DISEÑO'!$D$9:$D$1508,0)),"") -> TALÓN 0 | F18: =IFERROR(INDEX('[1]REP DISEÑO'!$I$9:$I$1508,MATCH(C18,'[1]REP DISEÑO'!$D$9:$D$1508,0)),"") -> PREESCOLAR NIÑO | G18: =IFERROR(INDEX('[1]REP DISEÑO'!$M$9:$M$1508,MATCH(C18,'[1]REP DISEÑO'!$D$9:$D$1508,0)),"") -> DE PRATI | H18: =IFERROR(INDEX('[1]REP DISEÑO'!$J$9:$J$1508,MATCH(C18,'[1]REP DISEÑO'!$D$9:$D$1508,0)),"") | I18: =IFERROR(INDEX('[1]REP DISEÑO'!$C$9:$C$1508,MATCH(C18,'[1]REP DISEÑO'!$D$9:$D$1508,0)),"") -> enero | J18: =IF(C18="","",IF(ISNUMBER(FIND("AMU",$C$14:$C$548)),1,(SUMIF('[1]REP PRODUCCIÓN'!$H$6:$H$1505,"*"&C18&"*",'[1]REP PRODUCCIÓN'!$E$6:$E$1505)))) -> 84 | K18: =IF(B18=1,"OK",0) -> OK | M18: =IFERROR(INDEX('[1]REP DISEÑO'!$BA$9:$BA$1008,MATCH('INDIC-DIS2'!C18,'[1]REP DISEÑO'!$D$9:$D$1008,0)),"") -> DE PRATI | R18: =IF(M18="","",1) -> 1
B19: =IF(J19="",0,IF(OR(J19>0,ISNUMBER(FIND("AMU",$C$14:$C$548))),1,0)) -> 1 | C19: {=IFERROR(INDEX('[1]REP DISEÑO'!$D$9:$D$1008,SMALL(IF('[1]REP DISEÑO'!$AW$9:$AW$1008=$J$1,ROW('[1]REP DISEÑO'!$N$9:$N$1008)-ROW('[1]REP DISEÑO'!$N$9),""),ROWS(C$14:C19))+1),"")} -> N26-3994 | D19: =IFERROR(INDEX('[1]REP DISEÑO'!$N$9:$N$1508,MATCH(C19,'[1]REP DISEÑO'!$D$9:$D$1508,0)),"") -> GABRIELA D. | E19: =IFERROR(INDEX('[1]REP DISEÑO'!$G$9:$G$1508,MATCH(C19,'[1]REP DISEÑO'!$D$9:$D$1508,0)),"") -> TALÓN 0 | F19: =IFERROR(INDEX('[1]REP DISEÑO'!$I$9:$I$1508,MATCH(C19,'[1]REP DISEÑO'!$D$9:$D$1508,0)),"") -> PREESCOLAR NIÑO | G19: =IFERROR(INDEX('[1]REP DISEÑO'!$M$9:$M$1508,MATCH(C19,'[1]REP DISEÑO'!$D$9:$D$1508,0)),"") -> DE PRATI | H19: =IFERROR(INDEX('[1]REP DISEÑO'!$J$9:$J$1508,MATCH(C19,'[1]REP DISEÑO'!$D$9:$D$1508,0)),"") | I19: =IFERROR(INDEX('[1]REP DISEÑO'!$C$9:$C$1508,MATCH(C19,'[1]REP DISEÑO'!$D$9:$D$1508,0)),"") -> enero | J19: =IF(C19="","",IF(ISNUMBER(FIND("AMU",$C$14:$C$548)),1,(SUMIF('[1]REP PRODUCCIÓN'!$H$6:$H$1505,"*"&C19&"*",'[1]REP PRODUCCIÓN'!$E$6:$E$1505)))) -> 84 | K19: =IF(B19=1,"OK",0) -> OK | M19: =IFERROR(INDEX('[1]REP DISEÑO'!$BA$9:$BA$1008,MATCH('INDIC-DIS2'!C19,'[1]REP DISEÑO'!$D$9:$D$1008,0)),"") -> DE PRATI | R19: =IF(M19="","",1) -> 1
B20: =IF(J20="",0,IF(OR(J20>0,ISNUMBER(FIND("AMU",$C$14:$C$548))),1,0)) -> 1 | C20: {=IFERROR(INDEX('[1]REP DISEÑO'!$D$9:$D$1008,SMALL(IF('[1]REP DISEÑO'!$AW$9:$AW$1008=$J$1,ROW('[1]REP DISEÑO'!$N$9:$N$1008)-ROW('[1]REP DISEÑO'!$N$9),""),ROWS(C$14:C20))+1),"")} -> N26-3995 | D20: =IFERROR(INDEX('[1]REP DISEÑO'!$N$9:$N$1508,MATCH(C20,'[1]REP DISEÑO'!$D$9:$D$1508,0)),"") -> GABRIELA D. | E20: =IFERROR(INDEX('[1]REP DISEÑO'!$G$9:$G$1508,MATCH(C20,'[1]REP DISEÑO'!$D$9:$D$1508,0)),"") -> TALÓN 0 | F20: =IFERROR(INDEX('[1]REP DISEÑO'!$I$9:$I$1508,MATCH(C20,'[1]REP DISEÑO'!$D$9:$D$1508,0)),"") -> PREESCOLAR NIÑO | G20: =IFERROR(INDEX('[1]REP DISEÑO'!$M$9:$M$1508,MATCH(C20,'[1]REP DISEÑO'!$D$9:$D$1508,0)),"") -> DE PRATI | H20: =IFERROR(INDEX('[1]REP DISEÑO'!$J$9:$J$1508,MATCH(C20,'[1]REP DISEÑO'!$D$9:$D$1508,0)),"") | I20: =IFERROR(INDEX('[1]REP DISEÑO'!$C$9:$C$1508,MATCH(C20,'[1]REP DISEÑO'!$D$9:$D$1508,0)),"") -> enero | J20: =IF(C20="","",IF(ISNUMBER(FIND("AMU",$C$14:$C$548)),1,(SUMIF('[1]REP PRODUCCIÓN'!$H$6:$H$1505,"*"&C20&"*",'[1]REP PRODUCCIÓN'!$E$6:$E$1505)))) -> 84 | K20: =IF(B20=1,"OK",0) -> OK | M20: =IFERROR(INDEX('[1]REP DISEÑO'!$BA$9:$BA$1008,MATCH('INDIC-DIS2'!C20,'[1]REP DISEÑO'!$D$9:$D$1008,0)),"") -> DE PRATI | R20: =IF(M20="","",1) -> 1
B21: =IF(J21="",0,IF(OR(J21>0,ISNUMBER(FIND("AMU",$C$14:$C$548))),1,0)) -> 0 | C21: {=IFERROR(INDEX('[1]REP DISEÑO'!$D$9:$D$1008,SMALL(IF('[1]REP DISEÑO'!$AW$9:$AW$1008=$J$1,ROW('[1]REP DISEÑO'!$N$9:$N$1008)-ROW('[1]REP DISEÑO'!$N$9),""),ROWS(C$14:C21))+1),"")} -> G26-5045 | D21: =IFERROR(INDEX('[1]REP DISEÑO'!$N$9:$N$1508,MATCH(C21,'[1]REP DISEÑO'!$D$9:$D$1508,0)),"") -> GABRIELA D. | E21: =IFERROR(INDEX('[1]REP DISEÑO'!$G$9:$G$1508,MATCH(C21,'[1]REP DISEÑO'!$D$9:$D$1508,0)),"") -> SUECA 0 | F21: =IFERROR(INDEX('[1]REP DISEÑO'!$I$9:$I$1508,MATCH(C21,'[1]REP DISEÑO'!$D$9:$D$1508,0)),"") -> ESCOLAR NIÑA | G21: =IFERROR(INDEX('[1]REP DISEÑO'!$M$9:$M$1508,MATCH(C21,'[1]REP DISEÑO'!$D$9:$D$1508,0)),"") -> DE PRATI | H21: =IFERROR(INDEX('[1]REP DISEÑO'!$J$9:$J$1508,MATCH(C21,'[1]REP DISEÑO'!$D$9:$D$1508,0)),"") | I21: =IFERROR(INDEX('[1]REP DISEÑO'!$C$9:$C$1508,MATCH(C21,'[1]REP DISEÑO'!$D$9:$D$1508,0)),"") -> enero | J21: =IF(C21="","",IF(ISNUMBER(FIND("AMU",$C$14:$C$548)),1,(SUMIF('[1]REP PRODUCCIÓN'!$H$6:$H$1505,"*"&C21&"*",'[1]REP PRODUCCIÓN'!$E$6:$E$1505)))) -> 0 | K21: =IF(B21=1,"OK",0) -> 0 | M21: =IFERROR(INDEX('[1]REP DISEÑO'!$BA$9:$BA$1008,MATCH('INDIC-DIS2'!C21,'[1]REP DISEÑO'!$D$9:$D$1008,0)),"") -> DE PRATI | R21: =IF(M21="","",1) -> 1
B22: =IF(J22="",0,IF(OR(J22>0,ISNUMBER(FIND("AMU",$C$14:$C$548))),1,0)) -> 1 | C22: {=IFERROR(INDEX('[1]REP DISEÑO'!$D$9:$D$1008,SMALL(IF('[1]REP DISEÑO'!$AW$9:$AW$1008=$J$1,ROW('[1]REP DISEÑO'!$N$9:$N$1008)-ROW('[1]REP DISEÑO'!$N$9),""),ROWS(C$14:C22))+1),"")} -> G26-5046 | D22: =IFERROR(INDEX('[1]REP DISEÑO'!$N$9:$N$1508,MATCH(C22,'[1]REP DISEÑO'!$D$9:$D$1508,0)),"") -> GABRIELA D. | E22: =IFERROR(INDEX('[1]REP DISEÑO'!$G$9:$G$1508,MATCH(C22,'[1]REP DISEÑO'!$D$9:$D$1508,0)),"") -> SUECA CON FILO | F22: =IFERROR(INDEX('[1]REP DISEÑO'!$I$9:$I$1508,MATCH(C22,'[1]REP DISEÑO'!$D$9:$D$1508,0)),"") -> ESCOLAR NIÑA | G22: =IFERROR(INDEX('[1]REP DISEÑO'!$M$9:$M$1508,MATCH(C22,'[1]REP DISEÑO'!$D$9:$D$1508,0)),"") -> DE PRATI | H22: =IFERROR(INDEX('[1]REP DISEÑO'!$J$9:$J$1508,MATCH(C22,'[1]REP DISEÑO'!$D$9:$D$1508,0)),"") | I22: =IFERROR(INDEX('[1]REP DISEÑO'!$C$9:$C$1508,MATCH(C22,'[1]REP DISEÑO'!$D$9:$D$1508,0)),"") -> enero | J22: =IF(C22="","",IF(ISNUMBER(FIND("AMU",$C$14:$C$548)),1,(SUMIF('[1]REP PRODUCCIÓN'!$H$6:$H$1505,"*"&C22&"*",'[1]REP PRODUCCIÓN'!$E$6:$E$1505)))) -> 84 | K22: =IF(B22=1,"OK",0) -> OK | M22: =IFERROR(INDEX('[1]REP DISEÑO'!$BA$9:$BA$1008,MATCH('INDIC-DIS2'!C22,'[1]REP DISEÑO'!$D$9:$D$1008,0)),"") -> DE PRATI | R22: =IF(M22="","",1) -> 1
B23: =IF(J23="",0,IF(OR(J23>0,ISNUMBER(FIND("AMU",$C$14:$C$548))),1,0)) -> 1 | C23: {=IFERROR(INDEX('[1]REP DISEÑO'!$D$9:$D$1008,SMALL(IF('[1]REP DISEÑO'!$AW$9:$AW$1008=$J$1,ROW('[1]REP DISEÑO'!$N$9:$N$1008)-ROW('[1]REP DISEÑO'!$N$9),""),ROWS(C$14:C23))+1),"")} -> G26-5047 | D23: =IFERROR(INDEX('[1]REP DISEÑO'!$N$9:$N$1508,MATCH(C23,'[1]REP DISEÑO'!$D$9:$D$1508,0)),"") -> GABRIELA D. | E23: =IFERROR(INDEX('[1]REP DISEÑO'!$G$9:$G$1508,MATCH(C23,'[1]REP DISEÑO'!$D$9:$D$1508,0)),"") -> DESTALONADA 0 | F23: =IFERROR(INDEX('[1]REP DISEÑO'!$I$9:$I$1508,MATCH(C23,'[1]REP DISEÑO'!$D$9:$D$1508,0)),"") -> ESCOLAR NIÑA | G23: =IFERROR(INDEX('[1]REP DISEÑO'!$M$9:$M$1508,MATCH(C23,'[1]REP DISEÑO'!$D$9:$D$1508,0)),"") -> DE PRATI | H23: =IFERROR(INDEX('[1]REP DISEÑO'!$J$9:$J$1508,MATCH(C23,'[1]REP DISEÑO'!$D$9:$D$1508,0)),"") | I23: =IFERROR(INDEX('[1]REP DISEÑO'!$C$9:$C$1508,MATCH(C23,'[1]REP DISEÑO'!$D$9:$D$1508,0)),"") -> enero | J23: =IF(C23="","",IF(ISNUMBER(FIND("AMU",$C$14:$C$548)),1,(SUMIF('[1]REP PRODUCCIÓN'!$H$6:$H$1505,"*"&C23&"*",'[1]REP PRODUCCIÓN'!$E$6:$E$1505)))) -> 84 | K23: =IF(B23=1,"OK",0) -> OK | M23: =IFERROR(INDEX('[1]REP DISEÑO'!$BA$9:$BA$1008,MATCH('INDIC-DIS2'!C23,'[1]REP DISEÑO'!$D$9:$D$1008,0)),"") -> DE PRATI | R23: =IF(M23="","",1) -> 1
B24: =IF(J24="",0,IF(OR(J24>0,ISNUMBER(FIND("AMU",$C$14:$C$548))),1,0)) -> 1 | C24: {=IFERROR(INDEX('[1]REP DISEÑO'!$D$9:$D$1008,SMALL(IF('[1]REP DISEÑO'!$AW$9:$AW$1008=$J$1,ROW('[1]REP DISEÑO'!$N$9:$N$1008)-ROW('[1]REP DISEÑO'!$N$9),""),ROWS(C$14:C24))+1),"")} -> G26-5048 | D24: =IFERROR(INDEX('[1]REP DISEÑO'!$N$9:$N$1508,MATCH(C24,'[1]REP DISEÑO'!$D$9:$D$1508,0)),"") -> GABRIELA D. | E24: =IFERROR(INDEX('[1]REP DISEÑO'!$G$9:$G$1508,MATCH(C24,'[1]REP DISEÑO'!$D$9:$D$1508,0)),"") -> TALÓN 0 | F24: =IFERROR(INDEX('[1]REP DISEÑO'!$I$9:$I$1508,MATCH(C24,'[1]REP DISEÑO'!$D$9:$D$1508,0)),"") -> PREESCOLAR NIÑA | G24: =IFERROR(INDEX('[1]REP DISEÑO'!$M$9:$M$1508,MATCH(C24,'[1]REP DISEÑO'!$D$9:$D$1508,0)),"") -> DE PRATI | H24: =IFERROR(INDEX('[1]REP DISEÑO'!$J$9:$J$1508,MATCH(C24,'[1]REP DISEÑO'!$D$9:$D$1508,0)),"") | I24: =IFERROR(INDEX('[1]REP DISEÑO'!$C$9:$C$1508,MATCH(C24,'[1]REP DISEÑO'!$D$9:$D$1508,0)),"") -> enero | J24: =IF(C24="","",IF(ISNUMBER(FIND("AMU",$C$14:$C$548)),1,(SUMIF('[1]REP PRODUCCIÓN'!$H$6:$H$1505,"*"&C24&"*",'[1]REP PRODUCCIÓN'!$E$6:$E$1505)))) -> 84 | K24: =IF(B24=1,"OK",0) -> OK | M24: =IFERROR(INDEX('[1]REP DISEÑO'!$BA$9:$BA$1008,MATCH('INDIC-DIS2'!C24,'[1]REP DISEÑO'!$D$9:$D$1008,0)),"") -> DE PRATI | R24: =IF(M24="","",1) -> 1
B25: =IF(J25="",0,IF(OR(J25>0,ISNUMBER(FIND("AMU",$C$14:$C$548))),1,0)) -> 0 | C25: {=IFERROR(INDEX('[1]REP DISEÑO'!$D$9:$D$1008,SMALL(IF('[1]REP DISEÑO'!$AW$9:$AW$1008=$J$1,ROW('[1]REP DISEÑO'!$N$9:$N$1008)-ROW('[1]REP DISEÑO'!$N$9),""),ROWS(C$14:C25))+1),"")} -> G26-5049 | D25: =IFERROR(INDEX('[1]REP DISEÑO'!$N$9:$N$1508,MATCH(C25,'[1]REP DISEÑO'!$D$9:$D$1508,0)),"") -> GABRIELA D. | E25: =IFERROR(INDEX('[1]REP DISEÑO'!$G$9:$G$1508,MATCH(C25,'[1]REP DISEÑO'!$D$9:$D$1508,0)),"") -> TALÓN 0 | F25: =IFERROR(INDEX('[1]REP DISEÑO'!$I$9:$I$1508,MATCH(C25,'[1]REP DISEÑO'!$D$9:$D$1508,0)),"") -> PREESCOLAR NIÑA | G25: =IFERROR(INDEX('[1]REP DISEÑO'!$M$9:$M$1508,MATCH(C25,'[1]REP DISEÑO'!$D$9:$D$1508,0)),"") -> DE PRATI | H25: =IFERROR(INDEX('[1]REP DISEÑO'!$J$9:$J$1508,MATCH(C25,'[1]REP DISEÑO'!$D$9:$D$1508,0)),"") | I25: =IFERROR(INDEX('[1]REP DISEÑO'!$C$9:$C$1508,MATCH(C25,'[1]REP DISEÑO'!$D$9:$D$1508,0)),"") -> enero | J25: =IF(C25="","",IF(ISNUMBER(FIND("AMU",$C$14:$C$548)),1,(SUMIF('[1]REP PRODUCCIÓN'!$H$6:$H$1505,"*"&C25&"*",'[1]REP PRODUCCIÓN'!$E$6:$E$1505)))) -> 0 | K25: =IF(B25=1,"OK",0) -> 0 | M25: =IFERROR(INDEX('[1]REP DISEÑO'!$BA$9:$BA$1008,MATCH('INDIC-DIS2'!C25,'[1]REP DISEÑO'!$D$9:$D$1008,0)),"") -> DE PRATI | R25: =IF(M25="","",1) -> 1
B26: =IF(J26="",0,IF(OR(J26>0,ISNUMBER(FIND("AMU",$C$14:$C$548))),1,0)) -> 0 | C26: {=IFERROR(INDEX('[1]REP DISEÑO'!$D$9:$D$1008,SMALL(IF('[1]REP DISEÑO'!$AW$9:$AW$1008=$J$1,ROW('[1]REP DISEÑO'!$N$9:$N$1008)-ROW('[1]REP DISEÑO'!$N$9),""),ROWS(C$14:C26))+1),"")} -> G26-5050 | D26: =IFERROR(INDEX('[1]REP DISEÑO'!$N$9:$N$1508,MATCH(C26,'[1]REP DISEÑO'!$D$9:$D$1508,0)),"") -> GABRIELA D. | E26: =IFERROR(INDEX('[1]REP DISEÑO'!$G$9:$G$1508,MATCH(C26,'[1]REP DISEÑO'!$D$9:$D$1508,0)),"") -> BOTA 0 | F26: =IFERROR(INDEX('[1]REP DISEÑO'!$I$9:$I$1508,MATCH(C26,'[1]REP DISEÑO'!$D$9:$D$1508,0)),"") -> PREESCOLAR NIÑA | G26: =IFERROR(INDEX('[1]REP DISEÑO'!$M$9:$M$1508,MATCH(C26,'[1]REP DISEÑO'!$D$9:$D$1508,0)),"") -> DE PRATI | H26: =IFERROR(INDEX('[1]REP DISEÑO'!$J$9:$J$1508,MATCH(C26,'[1]REP DISEÑO'!$D$9:$D$1508,0)),"") | I26: =IFERROR(INDEX('[1]REP DISEÑO'!$C$9:$C$1508,MATCH(C26,'[1]REP DISEÑO'!$D$9:$D$1508,0)),"") -> enero | J26: =IF(C26="","",IF(ISNUMBER(FIND("AMU",$C$14:$C$548)),1,(SUMIF('[1]REP PRODUCCIÓN'!$H$6:$H$1505,"*"&C26&"*",'[1]REP PRODUCCIÓN'!$E$6:$E$1505)))) -> 0 | K26: =IF(B26=1,"OK",0) -> 0 | M26: =IFERROR(INDEX('[1]REP DISEÑO'!$BA$9:$BA$1008,MATCH('INDIC-DIS2'!C26,'[1]REP DISEÑO'!$D$9:$D$1008,0)),"") -> DE PRATI | R26: =IF(M26="","",1) -> 1
... B548: =IF(J548="",0,IF(OR(J548>0,ISNUMBER(FIND("AMU",$C$14:$C$548))),1,0)) -> 0 | C548: {=IFERROR(INDEX('[1]REP DISEÑO'!$D$9:$D$1008,SMALL(IF('[1]REP DISEÑO'!$AW$9:$AW$1008=$J$1,ROW('[1]REP DISEÑO'!$N$9:$N$1008)-ROW('[1]REP DISEÑO'!$N$9),""),ROWS(C$14:C548))+1),"")} | D548: =IFERROR(INDEX('[1]REP DISEÑO'!$N$9:$N$1508,MATCH(C548,'[1]REP DISEÑO'!$D$9:$D$1508,0)),"") | E548: =IFERROR(INDEX('[1]REP DISEÑO'!$G$9:$G$1508,MATCH(C548,'[1]REP DISEÑO'!$D$9:$D$1508,0)),"") | F548: =IFERROR(INDEX('[1]REP DISEÑO'!$I$9:$I$1508,MATCH(C548,'[1]REP DISEÑO'!$D$9:$D$1508,0)),"") | G548: =IFERROR(INDEX('[1]REP DISEÑO'!$M$9:$M$1508,MATCH(C548,'[1]REP DISEÑO'!$D$9:$D$1508,0)),"") | H548: =IFERROR(INDEX('[1]REP DISEÑO'!$J$9:$J$1508,MATCH(C548,'[1]REP DISEÑO'!$D$9:$D$1508,0)),"") | I548: =IFERROR(INDEX('[1]REP DISEÑO'!$C$9:$C$1508,MATCH(C548,'[1]REP DISEÑO'!$D$9:$D$1508,0)),"") | J548: =IF(C548="","",IF(ISNUMBER(FIND("AMU",$C$14:$C$548)),1,(SUMIF('[1]REP PRODUCCIÓN'!$H$6:$H$1505,"*"&C548&"*",'[1]REP PRODUCCIÓN'!$E$6:$E$1505)))) | K548: =IF(B548=1,"OK",0) -> 0 | M548: =IFERROR(INDEX('[1]REP DISEÑO'!$BA$9:$BA$1008,MATCH('INDIC-DIS2'!C548,'[1]REP DISEÑO'!$D$9:$D$1008,0)),"") | R548: =IF(M548="","",1)
M549: 0 | N549: 0 | O549: 0 | P549: 0 | R549: =SUM(R14:R548) -> 87
